Name,URL,Special,代幣名稱
AXIE: INFINITY/AXIE: LAND,https://whitepaper.axieinfinity.com/gameplay/land,"600,000 日活用戶 (DAU)，非常受歡迎的DAPP遊戲",AXS
The SandBox,https://www.sandbox.game/en/,"1. 創造地圖供別人玩就能賺錢, 參與度越高池就越大
2. 預計4800 個每日活躍用戶",SAND
xPET,https://chainplay.gg/games/xpet.tech,Twitter的NFT寵物遊戲,XPET
Pixels,https://dappradar.com/dapp/pixels,DAPP GAMES 排行第1,BERRY(ERC20) / PIXEL(新推出)
motoDEX,https://dappradar.com/dapp/motodex,DAPP GAMES排行第3,
Farmers World,https://defikingdoms.com/?utm_source=DappRadar&utm_medium=deeplink&utm_campaign=visit-website,DAPP GAMES排行第6,
Sunflower Land,,DPP GAMES排行第21,SFL
DeFi Kingdoms,https://dappradar.com/dapp/defi-kingdoms,DAPP GAMES排行第25,CJEWEL/WJEWEL
旅遊大亨2：Meta World,https://apps.apple.com/tw/app/%E6%97%85%E9%81%8A%E5%A4%A7%E4%BA%A82-meta-world/id1619466390,"1. 有上架Google Play 與 App Store
2. 聯合代幣經濟體之一",Inetrium （ITU）
補充 MARBLEX的聯合代幣經濟,,包含旅遊大亨2，流通於多款遊戲的代幣,MBXL/MBX
Alien Worlds,https://play.alienworlds.io/,,
EV.io,,Solana鏈,e
Aurory,https://aurory.io/,Solana鏈,AURY
Star Atlas,https://play.staratlas.com/,上架EPIC GAMES,ATLAS
Meow Match,https://play.google.com/store/apps/details?id=com.ember.meowmatch&hl=en_US&gl=US&pli=1,"有上架Google Play 與 App Store, 三消遊戲",
illuvium,https://illuvium.io/,上架EPIC GAMES,
STEPN,,"Solana鏈 
紅及一時的跑鞋遊戲，現在慢慢落沒了(應該)
[現在修鞋子成本比跑出來的錢還貴]",GST
DEFI LAND,https://defiland.app/,畫面精美的種田遊戲,DFL
FarmingTales,https://www.farmingtales.io/,GAMES排行302,
遊戲排行榜來源,https://dappradar.com/rankings/games,,